,AirLine,country,totalScore,reviews,Legroom,Seat comfort,"In-flight entertainment (WiFi, TV, movies)",Onboard Experience,Customer service,Value for money,Cleanliness,Check-in and boarding,Food and beverage,excellent,veryGood,average,poor,terrible
1,Adria Airways [no longer operating],slovenia,30,674,35,35,25,30,35,30,40,35,25,132,200,134,61,147
2, Advanced Air,united states,45,8,35,40,35,,40,40,40,40,35,6,0,1,0,1
3, AEGEAN,greece,40,12137,40,40,30,40,45,40,45,40,40,6141,3434,961,384,1218
4, Aer Lingus,ireland,35,12179,35,35,30,35,35,35,40,40,35,4429,3272,1622,942,1916
5, Aero Mongolia,mongolia,30,18,30,30,25,10,35,30,35,30,35,3,3,6,1,5
6, Aeroflot,russia,40,20489,40,40,35,35,40,40,45,40,40,10564,4384,1917,992,2634
7, Aerogaviota,cuba,30,30,30,30,20,25,30,25,35,30,30,5,7,9,2,7
8, Aerolinea de Antioquia,colombia,25,14,25,25,15,10,25,25,40,25,25,3,1,2,3,5
9, Aerolineas Argentinas,argentina,40,15158,30,35,30,35,40,35,40,40,30,4456,5592,3191,1007,915
10, Aeromar,mexico,30,428,35,35,20,30,35,35,40,35,30,112,108,38,34,136
11, Aeromexico,mexico,35,10842,35,35,35,35,35,35,40,35,35,3040,2919,1733,908,2242
12, Africa World Airlines,ghana,30,51,35,35,25,45,35,40,40,35,30,14,13,6,4,14
13, African Express Airways,kenya,35,17,35,30,20,40,35,30,30,30,25,3,6,4,1,3
14, Afriqiyah Airways,libya,25,10,35,30,25,30,30,20,30,25,25,0,2,2,3,3
15, Aigle Azur [no longer operating],france,25,748,25,30,20,25,30,30,35,30,25,94,152,105,68,329
16, Air Algerie,algeria,25,506,30,25,15,20,25,25,25,25,25,46,87,85,79,209
17, Air Antilles,french guiana,20,247,25,25,15,20,20,25,30,25,25,20,20,15,31,162
18, Air Arabia,united arab emirates,30,2243,30,30,20,25,30,35,35,30,25,426,487,305,152,874
19, Air Astana,kazakhstan,40,1524,40,40,40,40,45,40,45,40,45,881,329,105,64,145
20, Air Austral,reunion,35,1524,35,35,35,35,35,35,40,40,35,399,505,189,127,304
21, Air Bagan,myanmar,30,8,30,30,25,,30,30,30,25,30,0,2,4,1,1
22, Air Baltic,latvia,35,15424,35,35,20,30,35,35,40,35,30,5003,4157,2593,1587,2085
23, Air Belgium,belgium,35,42,45,40,35,40,40,40,45,40,35,18,8,5,3,8
24, air berlin [no longer operating],germany,30,4137,30,30,25,25,30,30,35,30,25,610,1025,878,569,1055
25, Air Botswana,botswana,30,120,35,35,20,30,35,30,35,35,30,13,40,30,13,24
26, Air Burkina,burkina faso,35,27,35,35,20,45,35,30,35,30,30,4,10,7,2,4
27, Air Busan,korea,40,319,40,35,20,30,35,40,40,40,30,115,136,45,5,18
28, Air Cairo,egypt,30,1433,35,30,15,30,30,30,35,35,30,235,330,259,209,401
29, Air Canada,canada,30,27154,25,25,15,25,30,30,30,30,30,5941,7423,5030,3132,5634
30, Air Canada Rouge,canada,30,7786,35,35,35,30,35,30,35,35,30,865,1736,2047,1622,1516
31, Air Caraibes,guadeloupe,30,2813,25,25,20,25,30,30,35,35,25,566,821,448,288,691
32, Air Century,dominica,25,39,30,30,35,30,35,35,40,35,35,11,2,0,2,24
33, Air Changan,china,40,1,30,30,20,50,25,25,30,25,25,0,1,0,0,0
34, Air Chathams,new zealand,45,96,20,20,10,,40,50,30,30,10,71,17,3,0,5
35, Air China,china,30,5962,40,40,20,50,50,45,45,45,40,872,1678,1428,774,1210
36, Air Choice One,united states,35,128,30,30,25,30,30,35,35,35,30,71,17,5,3,32
37, Air Corsica,france,35,629,45,45,25,45,40,45,45,40,25,230,202,59,39,99
38, Air Costa (no longer operating),india,30,37,35,35,25,35,35,35,40,40,35,5,15,2,2,13
39, Air Cote d Ivoire,ivory Coast,30,75,35,40,20,40,35,35,40,35,30,7,29,14,6,19
40, Air Do,japan,40,148,35,35,25,35,40,35,35,35,30,31,71,40,6,0
41, Air Dolomiti,italy,40,971,35,35,25,40,40,40,40,40,40,384,353,106,49,79
42, Air Europa,spain,30,10745,30,30,25,25,30,30,35,35,25,1491,2547,2333,1604,2771
43, Air Flamenco,puerto rico,35,32,35,30,25,40,35,40,35,30,25,13,6,2,3,8
44, Air France,france,35,33041,35,35,35,35,35,35,40,35,35,8493,10517,5695,3293,5047
45, Air Greenland,greenland,35,156,35,35,25,35,40,30,40,40,35,50,50,25,14,17
46, Air Guilin,china,25,3,50,30,10,,30,40,20,40,,1,0,0,1,1
47, Air Iceland Connect (**this is not Icelandair**),iceland,40,202,40,40,35,40,40,40,45,45,35,86,66,25,13,12
48, Air India,india,30,8293,35,35,25,30,30,35,35,35,35,1534,2261,1589,950,1959
49, Air India Express,india,30,434,30,25,15,25,30,30,30,30,25,50,109,96,49,130
50, Air Italy [no longer operating],italy,30,3776,30,30,25,30,30,30,35,35,30,667,940,668,526,975
51, Air Juan,philiphines,15,136,25,20,20,25,15,20,20,20,10,17,4,1,2,112
52, AIR KBZ (Air Kanbawza),myanmar,40,376,35,35,20,40,40,40,40,40,35,131,187,44,10,4
53, Air Kiribati,kiribati,30,1,30,30,10,,40,30,30,40,30,0,0,1,0,0
54, Air Koryo,north korea,35,80,35,35,25,35,35,35,40,40,25,18,23,27,7,5
55, Air Kyrgyzstan,kyrgyzstan,30,6,30,30,25,,30,35,30,25,25,0,3,1,2,0
56, Air Macau,china,30,202,30,30,20,30,30,35,35,30,30,24,62,72,18,26
57, Air Madagascar,madagascar,25,389,30,30,20,30,30,25,35,30,25,39,88,71,49,142
58, Air Malta,malta,35,2837,35,35,20,30,35,35,40,40,30,766,861,519,243,448
59, Air Manas,kyrgyzstan,35,15,40,40,20,45,40,45,45,40,35,3,7,2,0,3
60, Air Mauritius,mauritius,35,2406,35,35,30,30,35,35,40,40,35,623,746,447,259,331
61, Air Mediterranean,greece,20,211,25,25,15,20,25,25,25,25,20,14,30,39,39,89
62, Air Moldova,moldova,30,367,30,30,20,25,30,30,35,35,35,71,83,46,31,136
63, Air Namibia,namibia,30,757,35,35,25,25,35,30,35,35,35,129,219,152,98,159
64, Air New Zealand,new zealand,45,13534,40,40,40,40,45,40,45,45,40,7790,3310,1222,585,627
65, Air Niugini,guinea,35,210,35,35,30,40,35,30,35,35,30,44,74,36,26,30
66, Air North (Canada),canada,45,286,40,40,25,50,50,45,45,45,45,239,33,2,2,10
67, Air Nostrum,spain,35,476,35,35,20,30,35,35,40,35,25,93,203,88,45,47
68, Air Panama,panama,30,211,35,30,20,25,30,30,35,30,30,35,62,37,32,45
69, Air Peace,niger,20,71,30,30,15,30,25,25,30,25,20,2,12,12,9,36
70, Air Pegasus (no longer operating),india,35,123,30,30,20,25,35,35,40,35,30,29,37,24,15,18
71, Air Rarotonga,cook islands,45,55,40,35,25,45,45,40,40,45,35,29,17,8,1,0
72, Air Saint Pierre,france,45,8,35,35,30,,45,35,40,45,30,4,2,2,0,0
73, Air Senegal,senegal,20,147,35,30,30,35,30,30,35,30,30,19,23,11,14,80
74, Air Seoul,korea,35,200,40,40,25,30,35,40,40,35,30,44,90,30,12,24
75, Air Serbia,serbia,30,1900,35,35,20,30,35,35,40,35,30,486,422,248,190,555
76, Air Seychelles,seychelles,30,696,30,30,30,30,30,35,35,35,30,131,199,148,69,149
77, Air Tahiti,french polynesia,35,1642,35,35,35,35,40,35,40,40,35,507,518,277,150,190
78, Air Tahiti Nui,french polynesia,35,1642,35,35,35,35,40,35,40,40,35,507,518,277,150,190
79, Air Transat,canada,35,11380,30,30,30,30,35,35,40,40,30,2752,3393,2194,1274,1767
80, Air Vanuatu,vanuatu,40,420,35,35,25,35,40,40,40,40,35,135,164,57,25,39
81, Air VIA [no longer operating],bulgaria,20,85,30,30,15,20,25,30,35,30,30,12,10,8,7,48
82, Air Zimbabwe,zimbabwe,25,65,30,30,15,20,25,25,30,25,25,3,11,17,10,24
83, AirAsia - AirAsia Berhad (Malaysia),malaysia,35,3476,30,30,20,30,35,40,35,35,30,716,1230,752,295,484
84, AirAsia - AirAsia India,india,30,1080,30,30,20,30,30,35,35,35,30,174,282,193,88,343
85, AirAsia - AirAsia Japan,indonesia,30,92,30,30,20,25,30,40,35,30,25,11,27,21,6,27
86, AirAsia - AirAsia X Berhad (Malaysia),malaysia,35,1821,30,30,20,30,35,40,35,35,30,374,689,405,153,200
87, AirAsia - Indonesia AirAsia,indonesia,35,2517,30,35,20,30,35,40,40,40,30,656,995,471,145,250
88, AirAsia - Philippines AirAsia,philiphines,30,957,30,30,20,25,30,35,35,35,25,138,279,221,103,217
89, AirAsia - Thai AirAsia,thailand,35,6005,30,30,20,30,35,35,40,35,25,1366,1941,1050,439,1209
90, AirAsia - Thai AirAsia X,thailand,35,215,30,30,20,30,30,35,35,30,25,39,83,39,20,34
91, Airblue,pakistan,25,73,30,30,20,30,30,35,35,35,35,9,22,7,6,29
92, Aircalin,new caledonia,35,361,35,35,30,35,40,30,40,40,35,94,128,83,26,30
93, AirKenya Express,kenya,35,22,35,35,30,25,40,35,40,45,30,6,9,1,2,4
94, Airlink,south africa,40,423,35,40,20,40,40,35,40,40,35,164,145,46,16,52
95, Airnorth (Australia),australia,35,249,40,40,20,40,40,35,40,40,35,121,42,23,17,46
96, AirSWIFT,philiphines,35,322,35,35,20,35,35,30,40,35,30,110,79,24,16,93
97, Alaska Airlines,united states,40,16568,40,40,35,40,45,40,45,45,35,9042,4023,1303,737,1467
98, Alaska Seaplanes,united states,45,36,40,40,35,45,45,45,45,45,35,28,5,1,0,2
99, Alba Star,spain,30,930,25,30,20,30,30,30,30,30,25,143,226,204,122,235
100, Alexandria Airlines,egypt,35,2,35,25,10,,25,30,10,35,10,0,1,1,0,0
101, Alitalia,italy,30,20162,30,30,25,30,35,30,35,35,30,4056,5720,3989,2520,3877
102, Allegiant Air,united states,35,10654,30,30,15,30,35,40,40,40,25,3066,2774,1511,783,2519
103, Alliance Airlines,australia,35,95,35,35,20,30,40,35,40,40,35,30,28,16,5,16
104, AlMasria Universal,egypt,20,236,20,20,15,25,25,25,25,30,20,14,36,42,35,109
105, ALROSA,russia,40,16,40,40,20,40,40,40,45,45,40,9,2,1,2,2
106, Alsie Express,denmark,50,28,50,45,35,50,45,45,45,45,45,24,4,0,0,0
107, Amazonas,bolivia,30,252,30,35,20,30,35,35,35,35,30,54,79,48,17,54
108, American Airlines,united states,30,74265,35,30,30,30,35,30,35,35,30,16660,18796,13802,8894,16119
109, ANA (All Nippon Airways),japan,40,10292,40,40,40,40,45,40,45,45,40,5321,3242,999,366,365
110, AnadoluJet,turkey,35,608,30,35,20,30,40,35,40,35,30,148,211,96,42,111
111, Andes Lineas Aereas,argentina,25,860,25,25,15,25,30,30,30,30,30,73,183,138,122,344
112, Angara Airlines,russia,40,13,35,35,20,,40,35,40,40,35,6,5,1,0,1
113, Anguilla Air Services,anguilla,45,109,35,35,25,45,45,45,45,45,25,91,7,0,1,10
114, Ariana Afghan Airlines,afghanistan,20,6,30,30,20,30,25,20,20,35,15,1,0,1,1,3
115, Arik Air,niger,20,116,30,25,15,20,25,25,25,20,20,3,19,27,15,52
116, Arkia Israel Airlines,israel,30,765,30,30,20,25,30,30,35,30,25,150,165,119,97,234
117, Aruba Airlines,aruba,25,126,30,30,15,25,25,25,30,30,20,24,16,13,5,68
118, Aserca Airlines (no longer operating),venezuela,30,74,35,30,15,20,30,30,35,30,25,9,18,18,13,16
119, Asia Atlantic Airlines,thailand,35,7,30,30,25,10,25,30,30,30,25,1,4,0,1,1
120, Asiana Airlines,korea,40,3560,40,40,35,40,40,40,40,40,40,1452,1221,514,165,208
121, ASKY Airlines,togo,25,95,30,30,15,25,30,30,30,30,30,7,20,25,11,32
122, ASL France,france,30,588,30,30,20,30,35,30,35,35,25,103,190,107,53,135
123, Astra Airlines,greece,30,236,30,30,20,20,35,30,35,35,30,51,59,38,26,62
124, ATA Airlines (Iran),iran,25,51,25,25,15,15,25,30,30,30,30,3,6,23,9,10
125, Atlantic Airways,faroe islands,45,220,40,40,30,35,45,40,45,45,40,114,77,16,6,7
126, Atlas Air,united states,25,69,35,35,25,30,35,35,40,35,35,11,17,8,4,29
127, AtlasGlobal [no longer operating],turkey,35,1142,35,35,20,30,35,35,35,35,35,312,301,167,97,265
128, Aurigny,united kingdom,40,358,40,40,20,40,40,35,45,40,35,173,111,28,17,29
129, Aurora,russia,40,66,35,35,25,45,40,35,40,40,35,25,25,13,0,3
130, Austral Lineas Aereas,argentina,40,210,35,35,30,35,40,35,40,40,30,73,83,45,6,3
131, Austrian Airlines,austria,35,8447,35,35,30,35,40,35,40,40,35,2895,2548,1127,616,1262
132, Avianca,colombia,40,19129,40,40,40,35,40,35,40,40,35,7054,6275,2290,1102,2410
133, Avior Airlines,venezuela,25,201,25,25,15,20,25,25,30,25,20,16,30,52,36,67
134, Azerbaijan Airlines,azerbaijan,40,593,40,40,30,35,40,40,45,40,40,274,165,66,23,66
135, Azimuth,russia,30,176,35,35,20,20,35,35,40,35,30,54,31,14,7,71
136, Aztec Airways,united states,40,9,40,40,40,,50,40,40,50,45,7,0,0,0,2
137, Azul,brazil,45,17339,40,40,40,40,45,40,45,45,40,10160,5139,1066,371,604
138, Azur Air,russia,30,1919,30,30,20,25,35,35,35,35,30,492,430,321,225,451
139, Bahamasair,bahamas,25,542,30,30,15,20,25,25,30,30,20,73,78,65,55,271
140, Bamboo Airways,viet nam,30,190,35,35,25,30,35,35,40,40,35,64,33,11,11,71
141, Bangkok Airways,iran,40,4606,40,40,25,40,40,40,45,45,40,2205,1506,447,166,282
142, Bassaka Air,cambodia,40,95,40,40,20,45,40,45,40,40,35,50,32,3,2,8
143, Batik Air,indonesia,35,1144,40,40,35,35,35,35,35,35,30,232,483,247,90,92
144, Bayon Airlines,cambodia,30,37,30,30,20,35,35,35,30,35,25,6,9,6,2,14
145, Bearskin Airlines,canada,25,13,20,20,10,20,30,20,30,35,10,1,4,2,1,5
146, Beijing Capital Airlines,china,30,97,35,30,25,30,35,35,40,35,30,16,23,31,10,17
147, Bek Air,kazakhstan,30,27,30,25,15,20,30,35,30,35,25,4,5,7,4,7
148, Belavia Belarusian Airlines,belarus,35,1186,35,35,20,30,40,35,40,40,35,425,363,176,69,153
149, BH Air,bulgaria,25,24,25,30,10,30,25,30,30,30,25,5,1,3,3,12
150, Bhutan Airlines,bhutan,45,149,40,40,25,45,40,40,45,40,40,83,45,13,2,6
151, Biman Bangladesh Airlines,bangladesh,30,381,30,30,25,30,30,35,30,30,30,64,93,82,40,102
152, Binter,spain,40,1012,35,40,30,40,40,40,40,40,40,520,270,61,27,134
153, Blue Air,oman,30,3555,30,30,20,30,35,35,35,35,30,851,899,445,252,1110
154, Blue Islands Air,united kingdom,30,120,35,35,20,30,35,30,35,35,25,32,27,13,7,42
155, Blue Panorama Airlines,italy,25,3978,25,25,20,25,25,25,30,25,25,355,695,637,482,1809
156, Boliviana de Aviacion,bolivia,35,439,35,35,20,35,35,35,35,35,30,72,149,109,37,72
157, Borajet [no longer operating],turkey,35,33,40,40,20,30,40,35,40,35,35,10,9,6,6,2
158, Boutique Air,united states,25,282,30,35,15,25,30,30,35,35,25,59,29,9,21,164
159, BRA (Braathens Regional Airways AB),sweden,35,255,35,35,20,30,40,35,40,40,35,71,102,44,14,24
160, British Airways,united kingdom,35,55789,35,35,30,30,35,35,40,40,30,14818,15380,11024,6527,8044
161, Brussels Airlines,belgium,35,7744,35,35,25,30,35,35,40,35,30,1661,2703,1324,677,1380
162, Buddha Air,nepal,35,198,35,35,20,30,35,35,35,30,25,45,70,42,17,24
163, Bulgaria Air,bulgaria,30,951,30,30,20,30,35,35,35,35,30,211,262,180,87,211
164, Buta Airways,azerbaijan,35,158,40,40,20,35,35,35,40,35,30,41,51,18,5,43
165, Cabo Verde Airlines,cape verde,25,644,30,30,20,25,30,30,30,30,30,77,119,88,65,295
166, Calafia Airlines,mexico,30,139,35,35,20,30,35,35,40,40,25,51,19,10,8,51
167, CalmAir International,canada,35,25,35,35,20,20,40,25,35,40,30,4,11,3,3,4
168, Cambodia Angkor Air,cambodia,25,910,30,30,15,25,30,30,35,30,25,127,213,141,80,349
169, Canadian North,canada,40,69,35,35,25,35,45,40,40,40,35,26,20,15,4,4
170, Canaryfly,spain,35,212,35,35,25,40,35,40,40,40,30,86,36,14,20,56
171, Cape Air,united states,35,327,30,30,20,30,35,35,35,35,15,132,59,21,16,99
172, Caribbean Airlines,republic of Trinidad and Tobago,35,849,35,35,25,35,35,35,40,40,35,219,262,140,46,182
173, Caspian Airlines,iran,30,38,30,30,15,25,35,35,35,35,30,6,8,12,5,7
174, Cathay Dragon (Dragonair),china,40,1711,35,35,35,35,40,35,40,40,35,435,703,385,93,95
175, Cathay Pacific,china,40,16373,40,40,40,40,40,40,40,40,40,6186,5572,2516,959,1141
176, Cayman Airways,united kingdom,35,344,35,35,20,30,35,35,40,35,35,126,70,32,27,89
177, Cebu Pacific Air,philiphines,30,3692,30,30,20,25,30,35,35,30,25,485,996,888,441,882
178, CemAir,south africa,25,240,30,30,20,35,35,30,35,35,30,73,34,4,5,124
179, Central Mountain Air,canada,30,58,35,30,20,30,35,35,40,40,30,13,20,5,4,16
180, Chair Airlines,switzerland,30,111,30,30,20,30,30,35,35,30,30,32,20,12,5,42
181, Cham Wings,syrian arab republic,45,12,40,40,25,50,50,40,40,45,40,8,3,0,0,1
182, Chengdu Airlines,china,35,12,35,35,25,35,35,35,40,40,35,3,4,3,0,2
183, China Airlines,taiwan,40,4102,40,40,35,35,40,40,40,40,35,1383,1643,655,203,218
184, China Eastern Airlines,china,30,5052,35,30,25,30,30,35,35,30,30,720,1427,1236,627,1042
185, China Express Airlines,china,45,4,40,45,35,,40,50,40,45,35,2,2,0,0,0
186, China Southern Airlines,china,35,4925,35,35,30,35,35,40,40,35,35,1123,1727,888,427,760
187, China United Airlines,china,30,29,30,35,20,25,30,30,35,35,25,6,6,9,4,4
188, Chongqing Airlines,china,30,8,25,30,20,,30,30,35,25,30,1,1,3,2,1
189, Cinnamon Air,sri lanka,45,28,40,40,35,50,45,40,45,45,30,22,3,1,0,2
190, Citilink,indonesia,40,1096,35,35,25,35,40,40,40,40,30,316,494,172,27,87
191, CityJet,ireland,35,418,35,35,20,35,40,35,40,40,35,141,122,69,39,47
192, Citywing [no longer operating],isle of man,35,11,40,40,25,,40,40,40,40,10,1,8,0,0,2
193, CM Airlines,honduras,30,39,30,30,20,40,40,35,35,40,25,8,12,7,3,9
194, Cobalt [no longer operating],cyprus,35,504,35,35,20,35,40,40,40,40,30,180,159,72,25,68
195, Condor,germany,30,8353,30,30,25,25,30,30,35,35,30,1470,1970,1639,1174,2100
196, Contour Airlines,united states,35,52,45,40,25,40,35,35,40,35,35,28,1,3,3,17
197, Copa Airlines,panama,35,12755,35,35,35,35,40,35,40,40,35,4209,4186,2115,891,1355
198, Corendon Airlines,turkey,30,2785,30,30,20,25,30,35,35,35,25,479,704,493,267,844
199, Corsair,france,30,2154,30,30,30,30,35,35,40,35,30,311,672,363,271,537
200, Croatia Airlines,croatia,35,1098,35,35,20,30,35,35,40,35,35,259,353,205,108,173
201, Cubana de Aviacion,cuba,25,917,30,30,15,25,25,30,30,30,25,73,199,194,156,295
202, Cyprus Airways,cyprus,30,58,30,35,20,25,35,35,40,40,25,19,10,8,4,17
203, Czech Airlines,czech republic,30,2492,30,30,20,25,30,30,35,30,25,374,565,500,366,687
204, Daallo Airlines,united arab emirates,45,3,30,30,10,30,30,30,,,,2,0,1,0,0
205, Dalian Airlines,china,40,5,35,35,20,,35,45,40,35,30,1,3,1,0,0
206, DAT Danish Air Transport,denmark,35,400,30,30,20,30,40,35,40,40,35,103,143,70,30,54
207, Delta Air Lines,united states,40,59864,35,35,40,40,40,35,40,40,35,24767,18395,7632,3672,5399
208, Denver Air Connection,united states,35,25,40,40,25,50,40,40,45,45,45,13,2,0,2,8
209, Dniproavia [no longer operating - merged into Windrose Airlines],ukraine,30,20,30,30,15,25,30,30,35,35,25,3,5,7,3,2
210, Donghai Airlines,china,25,11,35,35,15,35,35,35,40,30,30,1,2,4,0,4
211, Druk Air,bhutan,40,317,40,40,20,40,40,35,40,40,35,135,127,51,2,2
212, Dynamic International Airways,united states,15,95,20,20,10,15,20,15,20,20,20,3,6,5,6,75
213, Eagle Air,uganda,40,16,40,40,25,50,40,40,40,40,35,7,4,4,0,1
214, Eastar Jet,korea,35,153,30,30,20,30,35,40,35,35,25,26,64,30,6,27
215, Eastern Airways,united kingdom,30,231,35,35,15,35,35,30,40,35,30,63,41,21,17,89
216, EasyFly,colombia,35,119,35,35,20,40,35,35,40,35,25,33,35,16,6,29
217, easyJet,switzerland,35,57342,30,30,20,30,35,40,40,35,30,14611,19439,9273,4162,9869
218, Edelweiss Air,switzerland,40,3340,35,35,35,40,40,40,45,40,40,1545,967,341,203,284
219, EGYPTAIR,egypt,35,4045,35,35,30,30,35,35,35,35,35,920,1238,866,367,655
220, EL AL Israel Airlines,israel,35,4528,35,35,30,35,35,35,40,40,35,1417,1234,763,463,651
221, Elite Airways,united states,35,169,35,35,20,35,40,40,40,40,35,72,24,12,9,52
222, Ellinair,greece,35,933,35,35,20,35,40,40,40,40,40,364,233,74,68,194
223, Emirates,united arab emirates,40,62452,40,40,45,40,40,40,45,45,40,35854,13873,5718,2787,4227
224, Enter Air,poland,35,2635,35,35,20,30,35,35,40,40,30,638,847,470,255,425
225, Equatorial Congo Airlines [no longer operating],congo,25,8,30,35,25,40,35,25,25,15,20,0,0,5,1,2
226, Eritrean Airlines,eritrea,40,2,35,35,25,,50,45,45,50,45,0,2,0,0,0
227, Ernest [no longer operating],italy,20,432,25,25,20,25,25,25,30,25,25,59,52,40,26,255
228, Ethiopian Airlines,ethiopia,35,5794,35,35,35,30,35,35,35,35,35,1291,1887,1104,496,1016
229, Etihad Airways,united arab emirates,35,16968,35,35,35,35,35,35,40,40,35,5226,4085,2718,1573,3366
230, Etihad Regional [no longer operating],switzerland,35,65,35,35,20,30,35,35,40,35,30,22,14,13,5,11
231, Euro Atlantic,portugal,25,143,25,25,15,25,30,25,25,25,25,17,25,27,21,53
232, European Coastal Airlines [no longer operating],croatia,25,25,30,30,30,10,25,35,40,35,30,6,2,2,1,14
233, Eurowings,germany,30,10087,30,30,20,25,30,30,35,35,25,1492,2466,1756,1074,3302
234, EVA Air,taiwan,45,6842,40,40,40,40,45,40,45,45,40,3659,2147,546,216,274
235, Far Eastern Air Transport [no longer operating],taiwan,45,15,35,35,25,30,40,40,40,40,35,7,5,3,0,0
236, fastjet,south africa,30,268,30,35,15,30,30,35,35,30,25,48,78,34,18,90
237, Fiji Airways,fiji,35,2580,35,35,30,35,40,35,40,40,35,728,694,460,260,438
238, Finnair,finland,35,7776,35,35,30,35,40,35,40,40,35,2522,2748,1173,485,848
239, firefly,malaysia,35,243,35,35,20,35,40,40,40,40,35,58,108,32,5,40
240, First Air,canada,40,52,40,40,20,35,40,35,40,45,40,22,18,7,3,2
241, Flair Airlines,canada,25,4102,30,30,15,25,25,30,35,30,20,830,494,244,282,2270
242, Fly Allways,suriname,30,3,40,30,40,,40,30,40,40,20,0,1,1,1,0
243, Fly Baghdad,iraq,20,6,15,25,10,10,25,25,25,30,30,0,1,0,2,3
244, Fly Tiwi,australia,20,1,10,10,10,10,30,10,,10,10,0,0,0,1,0
245, Fly540,kenya,25,174,30,30,20,30,30,30,35,30,30,32,31,24,15,72
246, Flyadeal,saudi arabia,20,131,30,30,15,25,25,35,35,30,20,13,15,11,4,89
247, FlyArystan,kazakhstan,25,120,30,30,25,20,35,35,40,35,30,40,3,5,7,67
248, Flybe [no longer operating],united kingdom,35,8128,35,35,15,30,35,35,40,35,30,2342,2229,1038,587,1932
249, flybmi [no longer operating],united kingdom,30,372,35,35,20,30,35,30,40,35,35,100,79,43,31,119
250, Flybondi,argentina,30,783,30,30,20,30,35,35,35,35,25,200,188,76,49,270
251, FLYBOSNIA,bosna i Hercegovina,15,6,20,20,15,,15,25,25,20,25,0,1,0,0,5
252, flydubai,united arab emirates,30,4002,30,30,20,25,30,30,35,35,25,542,913,803,515,1229
253, FlyEgypt,egypt,25,487,30,25,15,20,25,30,30,30,20,48,98,119,78,145
254, Flyme,maldives,35,37,35,35,20,25,40,35,35,40,25,10,12,7,4,4
255, Flynas,saudi arabia,30,443,25,30,15,25,30,30,35,35,25,44,110,126,46,117
256, FLYONE,moldova,15,246,25,25,15,20,20,20,30,20,25,16,16,10,13,191
257, FlyPelican,australia,40,22,35,40,20,,40,35,40,40,25,9,8,1,0,4
258, FlySafair,south africa,40,999,35,35,20,40,40,40,40,40,35,453,310,91,39,106
259, FMIAir,myanmar,40,9,40,40,25,40,45,40,45,50,50,3,4,2,0,0
260, French bee,france,35,2227,35,35,35,35,35,35,40,35,35,745,573,124,111,677
261, Frontier Airlines,united states,25,18070,25,25,15,25,30,30,35,30,20,2407,2780,2303,1975,8609
262, Fuji Dream Airlines,japan,40,95,40,40,25,40,40,40,40,40,30,29,53,10,2,1
263, Fuzhou Airlines,china,30,5,35,40,25,40,35,30,30,30,20,0,1,3,0,1
264, Garuda Indonesia,indonesia,40,8036,40,40,40,40,40,40,45,40,40,3876,2712,712,299,437
265, Georgian Airways,georgia,30,515,35,35,20,30,30,35,40,35,30,120,133,81,43,138
266, Germania Airlines [no longer operating],germany,40,2539,35,35,35,40,45,40,45,40,40,1292,716,225,99,207
267, Germanwings [Merged into Eurowings],germany,35,461,35,35,20,30,35,35,40,35,30,92,176,97,42,54
268, GLO Airlines (no longer operating),united states,50,8,45,45,25,50,50,50,50,50,45,7,1,0,0,0
269, GoAir,india,30,1498,30,30,20,30,30,30,35,35,25,252,370,265,109,502
270, GOL Airlines,brazil,35,17174,30,30,25,30,35,35,40,40,25,3521,6396,5042,1286,930
271, Golden Myanmar Airlines,myanmar,40,58,35,40,20,40,40,40,40,40,35,21,25,6,2,4
272, Grand China Air,china,45,10,35,35,25,35,40,40,40,40,40,5,3,2,0,0
273, Great Dane,denmark,40,10,40,40,25,,45,45,45,45,40,6,2,1,0,1
274, Groupe Transair,senegal,40,12,35,35,25,,45,30,40,45,40,3,7,0,1,1
275, Gulf Air,bahrain,30,1549,35,35,30,35,35,35,35,35,35,362,413,288,133,353
276, Gum Air,suriname,40,2,40,40,50,50,40,,,,,0,2,0,0,0
277, GX Airlines,china,30,5,40,40,25,10,30,30,40,35,30,2,0,0,3,0
278, Hainan Airlines,china,35,1406,40,35,35,35,40,40,40,40,35,515,405,201,99,186
279, Hawaiian Airlines,united states,40,7771,40,35,35,35,40,35,40,40,35,3202,2127,1089,566,787
280, Hebei Airlines,china,35,11,35,35,25,20,35,35,40,40,35,1,4,4,1,1
281, Helvetic Airways,switzerland,40,267,35,35,20,35,40,40,45,40,35,101,108,32,18,8
282, Himalaya Airlines,nepal,20,13,25,25,25,20,25,25,30,30,30,2,0,1,1,9
283, HK Express,china,30,1427,30,30,15,20,30,35,35,35,25,192,534,331,110,260
284, Hong Kong Airlines,china,35,1723,35,35,30,30,35,40,40,35,30,346,651,387,120,219
285, Hongtu Airlines,china,50,1,40,40,,40,50,40,,,,1,0,0,0,0
286, HOP!,france,35,1500,35,35,20,30,40,35,40,40,35,338,647,203,116,196
287, Hunnu Air,mongolia,40,17,30,35,25,,35,35,40,35,35,5,10,1,1,0
288, IBC Airways,united states,40,1,30,40,40,,30,40,50,50,30,0,1,0,0,0
289, Iberia,spain,30,20879,30,30,30,30,30,30,35,35,30,3721,5614,3916,2575,5055
290, Iberia Express,spain,30,3253,25,30,25,30,35,35,35,35,25,632,977,692,379,573
291, Iberojet [formerly Evelop],spain,30,1434,25,30,30,30,35,35,35,35,30,300,354,268,156,356
292, IBEX,japan,40,19,35,35,25,40,40,35,40,40,30,3,11,5,0,0
293, Icelandair,iceland,35,8016,35,35,35,35,35,35,40,35,30,2312,2295,1303,800,1306
294, IndiGo,india,35,8068,35,35,20,35,35,40,40,40,30,2434,2987,1247,437,963
295, InselAir,netherlands,15,286,25,25,15,20,20,20,20,20,15,13,21,22,24,206
296, interCaribbean,united kingdom,20,161,20,25,15,20,20,20,25,20,15,12,16,11,16,106
297, Interjet,mexico,35,6841,40,35,25,35,35,35,40,35,30,2092,1777,796,437,1739
298, IrAero,russia,30,41,35,35,20,30,35,35,40,30,30,9,7,11,4,10
299, Iran Aseman Airlines,iran,35,94,30,30,15,35,35,35,35,35,30,10,27,49,5,3
300, IranAir,iran,35,192,35,35,20,30,35,35,40,35,35,50,70,46,14,12
301, Iraqi Airways,iraq,30,82,35,35,25,30,30,35,30,30,30,15,23,18,8,18
302, Island Air [no longer operating],united states,35,156,35,35,25,35,40,40,40,40,30,50,48,17,10,31
303, Israir,israel,30,445,30,30,15,25,30,30,35,35,20,88,96,83,61,117
304, Izhavia,russia,35,4,25,30,25,30,40,35,35,40,35,1,0,3,0,0
305, Jambojet,kenya,30,207,30,35,20,25,35,35,40,35,25,49,58,39,16,45
306, Japan Airlines (JAL),japan,45,9147,40,40,40,40,45,40,45,45,40,4897,3005,727,229,290
307, Jazeera Airways,kuwait,25,257,25,25,15,20,25,30,35,30,25,16,71,24,16,130
308, JC Cambodia,cambodia,25,77,35,35,20,30,30,35,40,35,25,17,11,2,3,44
309, Jeju Air,korea,35,855,30,30,20,25,35,40,40,35,25,153,311,237,57,97
310, Jet Airways [no longer operating],india,35,12104,35,35,30,35,35,35,40,40,35,4084,3700,2030,897,1393
311, Jet2.com,united kingdom,45,32058,40,40,20,40,45,45,45,45,40,19892,7871,1882,834,1582
312, JetBlue,united states,40,18727,40,40,40,40,40,40,40,40,40,9520,4408,1398,828,2577
313, JETGO,australia,30,104,35,35,20,40,35,35,40,35,30,43,15,4,8,34
314, JetSmart,chile,30,885,30,30,20,30,35,35,40,35,25,231,203,78,43,330
315, Jetstar Airways - Australia & New Zealand,australia,30,12605,30,30,20,25,30,35,35,35,25,2083,3701,2710,1391,2720
316, Jetstar Asia Airways - Singapore,singapore,30,1901,30,30,20,25,30,35,35,35,25,288,644,462,166,341
317, Jetstar Japan,japan,30,1140,30,30,20,25,30,35,35,30,25,136,323,268,98,315
318, Jetstar Pacific Airlines - Vietnam,viet nam,25,1119,25,25,15,25,25,30,35,30,20,135,230,207,127,420
319, Jetways Airlines,kenya,20,5,30,30,30,,10,20,30,10,30,0,1,1,1,2
320, Jin Air,korea,40,232,20,20,15,20,25,25,20,20,20,57,113,35,9,18
321, Jordan Aviation,jordan,15,82,30,30,10,,35,30,30,35,20,3,6,6,10,57
322, Joy Air,china,30,2,45,45,25,45,45,40,45,45,40,0,0,2,0,0
323, JSX,united states,40,178,35,35,20,,30,35,30,35,35,110,16,5,5,43
324, Jubba Airways,kenya,30,10,35,35,20,30,35,40,40,35,30,2,3,1,1,3
325, Juneyao Airlines,china,35,230,30,30,15,20,30,35,35,35,30,43,90,56,16,25
326, Kalstar Aviation,indonesia,35,20,30,30,15,25,30,30,30,35,30,2,11,2,1,4
327, Kam Air,afghanistan,30,23,35,35,25,35,40,40,40,40,35,3,7,5,2,6
328, Kan Airlines,thailand,35,51,30,30,30,,10,20,30,10,30,19,11,5,0,16
329, Kenya Airways,kenya,30,2893,35,35,30,30,35,35,35,35,30,580,829,524,326,634
330, Kish Air,iran,35,43,30,35,15,30,40,35,35,35,40,7,15,14,4,3
331, KLM Royal Dutch Airlines,netherlands,40,31548,35,35,35,40,40,40,40,40,40,13158,10088,3526,1592,3191
332, Korean Air,korea,45,5208,40,40,40,40,45,40,45,45,40,2684,1710,453,157,204
333, KrasAvia,russia,40,1,40,40,,,50,40,40,40,40,0,1,0,0,0
334, Kulula,south africa,35,1193,30,30,20,30,35,40,40,40,30,291,392,221,96,194
335, Kunming Airlines,china,35,5,30,35,25,,40,35,40,40,30,1,3,0,0,1
336, Kuwait Airways,kuwait,30,1323,35,35,30,30,30,35,35,30,30,269,401,221,131,301
337, La Compagnie,france,40,490,45,45,40,40,40,45,45,45,40,246,128,32,19,66
338, La Costena,nicaragua,30,16,25,25,15,20,30,25,35,40,25,3,5,1,1,6
339, LAM Mozambique,mozambique,25,130,30,30,15,25,30,25,30,30,25,10,31,35,23,31
340, LAN Airlines (now LATAM Airlines),chile,40,3356,35,35,40,40,40,40,40,40,35,1296,1359,450,135,116
341, Lanmei Airlines,cambodia,30,143,30,30,20,35,30,35,35,35,25,35,29,16,11,52
342, Lao Airlines,laos,40,449,35,35,20,40,40,40,40,40,35,133,207,88,5,16
343, Lao Skyway,laos,40,52,35,30,15,30,35,40,40,40,30,19,17,8,2,6
344, Laser Airlines,venezuela,35,139,30,30,20,35,35,35,35,35,30,31,51,38,7,12
345, LATAM Airlines,chile,35,40129,30,30,35,35,35,35,40,40,30,10250,13557,8159,3584,4582
346, Latin American Wings [no longer operating],chile,20,30,20,25,15,10,20,25,25,25,25,3,0,4,4,19
347, Laudamotion,ireland,25,1642,30,30,15,20,25,35,35,30,25,253,318,238,159,674
348, LCPeru,peru,25,306,25,25,15,20,25,25,30,30,25,30,53,50,24,149
349, LEVEL,spain,30,2485,30,30,30,35,30,35,35,30,25,599,522,278,187,900
350, LIAT,antigua and barbuda,25,435,30,30,15,20,25,25,35,30,20,61,94,70,41,169
351, Libyan Airlines,libya,30,24,35,35,25,30,30,35,30,30,30,3,4,11,4,2
352, Link Airways,australia,50,61,45,45,30,45,50,45,45,50,45,51,8,2,0,0
353, Lion Air,indonesia,25,2097,30,30,20,25,30,35,30,30,20,167,449,664,308,509
354, Loganair,united kingdom,40,468,40,40,20,40,40,35,45,40,35,251,87,26,21,83
355, Longjiang - LJ Air,china,20,1,40,40,10,,20,10,40,10,10,0,0,0,1,0
356, Loong Air,china,40,5,35,40,20,35,35,40,35,20,30,3,0,2,0,0
357, LOT Polish Airlines,poland,30,5490,35,35,25,30,35,35,40,35,30,1153,1423,919,573,1422
358, Lucky Air,china,30,53,30,30,15,30,30,30,35,30,20,6,13,13,7,14
359, Lufthansa,germany,35,37232,35,35,35,35,40,35,40,40,35,13423,11463,4802,2544,5002
360, Luxair,luxembourg,40,1658,35,40,30,40,45,40,45,45,40,816,550,117,64,111
361, Magnicharters,mexico,45,379,40,40,25,40,45,45,45,45,40,202,118,33,10,16
362, Mahan Air,iran,40,541,35,35,20,30,40,40,40,40,40,164,213,97,26,41
363, Malaysia Airlines,malaysia,35,7675,35,35,35,30,35,35,35,35,35,1590,2412,1716,781,1177
364, Maldivian,maldives,30,89,35,30,20,35,35,30,35,35,25,15,23,21,11,19
365, Malindo Air,malaysia,30,3722,40,35,30,30,30,35,35,35,30,798,1101,602,294,927
366, Mandarin Airlines,taiwan,40,86,40,40,25,40,40,40,40,40,35,27,39,15,2,3
367, Mango,south africa,35,1271,35,35,25,30,35,40,40,40,30,307,441,248,93,182
368, Mann Yadanarpon Airlines,myanmar,40,112,35,40,25,35,40,40,40,40,35,47,45,13,3,4
369, Manta Air,maldives,45,25,45,45,30,50,50,45,50,50,45,18,4,1,1,1
370, Mauritania Airlines,mauritania,25,6,40,40,10,40,35,30,35,45,25,0,2,1,1,2
371, Maya Island Air,belize,40,226,40,40,25,40,40,40,40,40,25,131,35,21,8,31
372, Mayair,mexico,35,46,40,35,25,35,35,35,40,40,35,16,14,2,0,14
373, MIAT Mongolian Airlines,mongolia,35,212,35,35,30,35,40,35,40,35,35,51,77,51,12,21
374, Middle East Airlines,lebanon,40,830,35,35,35,35,40,35,40,40,40,306,278,95,40,111
375, Mistral Air,italy,25,301,30,25,15,30,30,30,30,30,20,31,83,56,36,95
376, Mokulele Airlines,hawaii,40,192,40,40,25,40,45,45,45,45,20,116,34,6,7,29
377, Monacair,monaco,40,1,50,50,,,40,40,40,50,,0,1,0,0,0
378, Monarch [no longer operating],united kingdom,40,3144,35,35,20,35,40,40,40,40,35,1216,1118,441,186,183
379, Montenegro Airlines,montenegro,30,347,35,35,15,25,30,30,35,35,25,60,102,69,41,75
380, Myanmar Airways International,thailand,40,81,35,40,25,40,40,40,40,40,35,27,42,7,2,3
381, Myanmar National Airlines,myanmar,40,183,40,40,25,40,40,40,40,40,35,59,75,32,6,11
382, MyWay Airlines,georgia,35,8,35,30,20,,30,35,40,35,35,5,0,0,0,3
383, Nam Air,indonesia,30,38,30,30,15,25,35,35,35,40,35,3,11,11,3,10
384, Nature Air (no longer operating),costa rica,10,27,15,15,10,10,10,10,10,10,10,0,0,0,0,27
385, Nauru Airlines,nauru,35,50,35,35,15,40,40,30,35,35,35,11,16,9,8,6
386, NEOS,italy,35,4685,30,35,35,35,40,35,40,35,35,1642,1439,587,337,680
387, Nepal Airlines,nepal,35,252,35,35,25,30,35,35,40,35,35,79,67,46,18,42
388, Nesma Airlines Egypt,egypt,40,5,35,35,35,,40,40,40,40,35,2,1,2,0,0
389, NewLeaf [no longer operating - merged into Flair Airlines],canada,15,106,25,25,15,15,20,25,25,25,15,8,9,6,5,78
390, Nextjet [no longer operating],sweden,30,42,30,25,15,15,30,30,30,35,25,4,17,8,4,9
391, Niki [no longer operating],austria,30,704,30,30,20,25,35,35,35,35,25,138,196,151,83,136
392, Nile Air,egypt,30,288,30,30,15,30,30,35,35,35,30,65,67,53,24,79
393, Nok Air,thailand,35,1382,35,35,20,30,35,40,40,40,30,390,488,186,57,261
394, NokScoot,thailand,30,232,35,35,20,25,30,35,35,35,25,36,82,40,15,59
395, Nordica,estonia,35,107,35,35,20,30,35,35,40,40,30,30,27,25,11,14
396, Nordstar Airlines,russia,35,277,35,35,25,30,40,40,40,40,35,110,65,33,24,46
397, Nordwind Airlines,russia,30,1474,35,30,15,20,35,30,35,35,25,264,314,295,163,438
398, Norwegian,norway,35,28274,35,35,30,35,35,40,40,35,30,8875,8481,3523,2067,5328
399, Nouvel Air Tunise,tunisia,25,1023,25,25,15,20,30,30,30,30,25,87,216,224,111,385
400, NOVOAIR,bangladesh,35,68,35,35,25,40,35,35,40,40,35,22,26,8,2,10
401, Okay Airways,china,35,23,30,35,25,35,40,40,40,40,30,1,13,6,2,1
402, Olympic Air [NOT Olympus Airways],greece,35,1031,35,35,25,30,40,35,40,40,35,363,280,127,59,202
403, Oman Air,oman,35,4682,35,35,35,35,35,40,40,40,35,1376,1508,699,366,734
404, Onur Air,turkey,20,1558,20,20,15,15,25,25,30,30,20,133,247,210,168,800
405, OpenSkies [no longer operating],france,35,110,40,35,30,35,35,35,40,40,35,21,40,23,11,15
406, Orbest (no longer operating),portugal,35,349,25,30,25,30,35,30,35,35,30,47,112,124,32,34
407, Pacific Coastal Airlines,canada,35,162,30,30,20,30,35,35,40,40,30,56,39,13,9,45
408, Pakistan International Airlines,pakistan,25,469,30,30,20,25,30,30,30,30,30,76,82,91,42,178
409, PAL Airlines (Canada),canada,35,28,35,35,20,40,45,35,35,35,35,10,10,1,1,6
410, Pascan,canada,30,14,25,30,20,,45,45,45,50,25,3,5,0,1,5
411, Passaredo Linhas Aereas,brazil,30,296,30,30,20,30,35,35,35,35,25,38,85,97,25,51
412, PAWA Dominicana [no longer operating],dominica,25,122,30,30,20,35,30,30,30,30,30,32,16,10,8,56
413, Peach Aviation,japan,30,1515,25,25,15,25,30,35,35,30,25,192,494,378,165,286
414, Pegas Fly,russia,30,281,30,30,15,25,35,30,35,35,30,62,48,55,33,83
415, Pegasus Airlines,turkey,30,6446,30,30,15,25,30,35,35,35,25,1012,1574,1274,695,1892
416, Penobscot Island Air,united states,50,6,45,45,40,50,50,50,50,50,50,5,1,0,0,0
417, People's Airline,austria,45,36,40,40,25,50,45,40,45,45,45,23,8,0,2,3
418, Peruvian Airlines [no longer operating],peru,25,812,30,25,15,25,25,30,30,30,25,79,166,156,99,312
419, Philippine Airlines (PAL),philiphines,30,4941,35,35,30,30,35,35,40,35,35,1055,1437,886,497,1066
420, Plus Ultra Lineas Aereas,spain,25,530,30,25,15,25,30,25,30,25,30,89,87,49,34,271
421, PNG Air,guinea,30,26,35,35,15,25,30,30,35,30,25,3,6,7,2,8
422, Pobeda,russia,30,3705,30,30,15,20,30,35,40,35,20,876,711,484,340,1295
423, Porter Airlines,canada,35,1855,35,35,20,35,40,40,40,40,40,800,424,145,123,363
424, Precision Air,tanzania,30,540,30,30,15,25,30,30,35,30,30,88,146,84,55,167
425, Primera Air [no longer operating],denmark,30,1875,30,30,15,25,30,30,35,30,25,348,413,247,157,710
426, Proflight Zambia,zambia,40,57,35,35,20,40,45,35,40,40,30,25,17,9,2,4
427, Qantas,australia,40,19948,35,35,35,35,40,35,40,40,35,7448,6066,2995,1544,1896
428, Qatar Airways,qatar,40,32205,40,40,40,40,40,40,45,40,40,17815,7239,2616,1279,3257
429, QAZAQ AIR,kazakhstan,20,23,30,30,15,20,30,30,30,30,30,3,2,3,3,12
430, Qeshm Airlines,iran,35,65,35,35,15,40,35,35,35,35,35,12,18,21,4,10
431, Qingdao Airlines,china,40,6,40,40,30,30,35,40,45,40,35,3,2,0,1,0
432, Ravn Alaska,united states,25,75,30,25,20,35,30,30,30,30,30,18,11,2,2,42
433, REALtonga,tonga,25,27,25,25,10,15,25,20,30,25,10,3,6,5,3,10
434, Red Wings,russia,30,624,30,30,20,25,35,35,40,35,30,158,133,97,54,182
435, Regent Airways,bangladesh,35,130,30,30,15,30,30,35,30,35,30,13,48,44,14,11
436, Regional Air,tanzania,35,7,30,35,15,10,25,35,40,35,30,1,3,1,1,1
437, Regional Express Airlines,australia,40,592,35,35,20,40,45,35,40,45,35,294,130,39,25,104
438, Rossiya Russian Airlines,russia,35,2707,35,35,20,30,40,35,40,40,30,923,786,441,285,272
439, Royal Air Maroc,morocco,25,4883,30,30,25,25,30,30,30,30,30,845,1101,687,464,1786
440, Royal Brunei Airlines,brunei darussalam,40,1078,40,40,35,40,40,40,45,40,40,471,349,110,48,100
441, Royal Jordanian,jordan,30,2216,35,35,30,30,35,35,35,35,30,506,591,387,202,530
442, Ruili Airlines,china,30,5,35,40,20,,40,35,40,40,35,1,1,1,0,2
443, RusLine,russia,25,192,30,30,20,25,30,30,35,35,25,36,36,16,13,91
444, RwandAir,rwanda,35,526,40,35,30,35,40,40,45,40,35,168,169,78,30,81
445, Ryanair,ireland,30,81606,30,30,15,25,30,35,35,30,25,12652,22811,17715,8627,19810
446, S7 airlines,russia,35,4699,35,35,25,35,40,40,40,40,35,1766,1236,607,315,776
447, Safarilink,kenya,40,64,35,35,20,40,40,40,40,40,30,34,18,5,3,4
448, Safi Airways,afghanistan,40,8,40,40,15,30,35,40,40,40,40,2,3,3,0,0
449, SalamAir,oman,20,188,25,25,15,20,25,25,30,25,20,21,25,18,8,116
450, Samoa Airlines,samoa,30,54,40,35,20,40,35,35,40,40,25,15,11,11,2,15
451, San German Express,colombia,30,15,35,35,20,35,40,35,45,45,30,5,3,2,0,5
452, SANSA,costa rica,30,236,30,30,20,35,30,35,40,35,20,74,46,19,17,81
453, Saratov/Ivolga [no longer operating],russia,35,9,40,40,20,30,35,40,40,40,30,2,4,1,0,2
454, SAS,sweden,35,10066,35,35,25,35,35,35,40,40,30,3065,3299,1764,743,1196
455, SATA - Azores Airlines,portugal,30,1703,30,30,20,30,35,30,35,35,30,356,431,242,208,466
456, SATENA Colombia,colombia,35,94,30,30,20,35,35,35,40,35,30,27,28,19,6,14
457, Saudia Airlines,saudi arabia,35,3101,40,35,30,35,35,35,35,35,35,958,830,495,248,570
458, SaudiGulf Airlines,saudi arabia,35,34,35,35,35,35,35,35,40,35,35,14,7,5,2,6
459, SCAT Airlines,kazakhstan,25,166,30,30,20,25,30,30,30,30,30,24,33,23,16,70
460, Scoot,singapore,30,5126,30,30,20,25,30,35,35,35,25,883,1568,913,418,1346
461, Seaborne Airlines,puerto rico,20,279,25,25,15,20,25,25,30,25,15,42,31,16,26,164
462, SereneAir,pakistan,35,51,40,35,20,40,40,35,40,40,40,19,10,8,2,12
463, Sevenair/AeroVIP,portugal,45,9,35,35,20,50,45,40,45,45,25,5,3,0,1,0
464, Severstal Air Company,russia,40,27,40,40,25,50,45,40,45,40,40,13,9,3,1,1
465, Shaheen Air International,pakistan,30,34,30,35,20,35,40,35,35,40,35,8,11,5,1,9
466, Shandong Airlines,china,35,116,30,30,20,30,35,35,35,35,25,20,38,31,17,10
467, Shanghai Airlines,china,30,278,30,30,20,25,30,35,35,35,30,27,77,98,41,35
468, Sharp Airlines,australia,45,21,30,35,20,40,45,35,40,50,15,14,6,0,0,1
469, Shenzhen Airlines,china,35,299,35,35,25,30,35,35,35,35,30,56,107,75,31,30
470, Shree,nepal,50,2,40,40,30,,45,50,45,50,40,2,0,0,0,0
471, Sichuan Airlines,china,35,353,35,35,30,30,35,40,40,35,35,86,135,58,20,54
472, SilkAir,singapore,35,2011,35,35,25,35,40,35,40,40,35,557,744,423,161,126
473, Silver Airways,united states,20,1334,25,25,15,20,25,25,30,25,20,169,139,97,122,809
474, Silverstone Air,kenya,35,78,35,35,20,30,35,40,35,35,30,21,19,17,6,15
475, Simrik Airlines,nepal,25,27,25,30,15,30,30,30,30,35,20,3,5,7,3,9
476, Singapore Airlines,singapore,45,25301,40,40,45,40,45,40,45,45,40,15030,5970,2327,911,1064
477, Sky Airline,chile,30,2108,25,30,15,25,30,35,35,35,25,334,534,497,208,535
478, Sky Angkor Airlines,cambodia,30,7,30,30,20,25,35,30,30,40,10,1,2,2,0,2
479, Sky Express,greece,25,1918,30,30,20,25,25,30,35,30,25,362,216,110,119,1113
480, Sky Shuttle,china,35,3,40,40,,50,50,30,,,,2,0,0,0,1
481, Skyjet Airlines,philiphines,25,226,30,30,15,25,25,25,30,30,25,24,53,22,17,110
482, Skymark Airlines,japan,40,407,35,35,20,30,35,45,40,35,25,116,181,91,7,12
483, SkyUp,ukraine,25,582,30,30,20,30,30,30,35,30,30,174,45,27,36,300
484, Skyway Airlines,costa rica,30,7,35,35,25,30,30,30,35,35,25,2,1,1,0,3
485, SkyWork Airlines [no longer operating],switzerland,40,130,40,40,25,35,40,40,45,45,35,69,24,8,6,23
486, Small Planet Airlines [no longer operating,lithuania,30,3389,30,30,20,25,30,30,35,30,25,584,812,474,377,1142
487, Smartavia,russia,30,522,35,35,20,25,35,35,40,35,35,187,80,56,38,161
488, SmartWings,czech republic,30,3032,25,30,20,25,35,30,35,35,25,509,768,688,386,681
489, Solaseed Air,japan,40,185,35,35,25,35,35,40,40,40,30,45,87,41,6,6
490, Solomon Airlines,solomon islands,40,50,40,40,20,40,40,35,40,40,35,11,28,9,1,1
491, Somon Air,tajikistan,30,36,35,35,25,40,35,35,40,35,30,8,8,8,1,11
492, Sosa (Aerolineas Sosa),honduras,20,30,20,20,10,15,15,20,25,20,10,2,2,4,1,21
493, Sounds Air,new zealand,45,59,40,40,30,45,50,45,45,45,20,43,12,1,0,3
494, South African Airways,south africa,35,4853,35,35,30,30,35,35,40,35,35,1164,1608,991,493,597
495, Southern Airways Express,united states,30,145,40,35,20,35,35,40,40,40,20,68,10,6,10,51
496, Southwest Airlines,united states,45,44333,35,35,35,40,45,45,45,45,35,27024,10657,2942,1307,2404
497, SpiceJet,india,35,5486,30,30,20,30,30,35,35,35,30,1986,1197,870,386,1048
498, Spirit Airlines,united states,30,24384,25,25,15,25,30,30,35,35,20,6902,3989,2598,1954,8946
499, Spring Airlines,china,30,346,25,25,15,20,30,35,35,30,20,35,98,84,49,80
500, Spring Airlines Japan,japan,30,154,30,30,15,25,30,40,40,30,20,23,50,41,11,29
501, SprintAir (Polish airline),poland,25,3,30,30,20,,30,35,35,40,25,0,1,0,2,0
502, SriLankan Airlines,sri lanka,35,3435,35,35,35,35,40,35,40,35,35,919,1166,645,287,418
503, Sriwijaya Air,indonesia,30,732,30,30,20,30,35,35,35,35,30,82,246,197,52,155
504, St Barth Commuter,france,45,17,40,40,40,50,45,45,50,50,30,15,0,0,1,1
505, Star Peru,oman,25,190,30,30,15,25,30,30,30,30,25,23,38,47,14,68
506, Starbow [no longer operating],ghana,35,4,35,40,30,40,40,35,30,35,30,0,3,0,1,0
507, Starflyer,japan,45,251,45,45,40,40,40,40,45,40,35,124,96,23,4,4
508, Sudan Airways,sudan,30,5,25,25,20,20,25,35,10,10,10,2,0,0,2,1
509, Sun Air Express,united states,35,220,30,30,20,25,35,35,35,35,25,46,79,57,15,23
510, Sun Country Airlines,united states,30,3363,30,30,25,30,35,35,35,35,30,877,562,373,350,1201
511, Sunclass Airlines,denmark,40,1236,35,35,35,35,40,40,40,40,35,454,477,199,55,51
512, Sundair,germany,30,262,30,30,15,25,35,35,35,35,25,65,60,23,23,91
513, SunExpress,turkey,30,2406,30,30,15,25,30,35,35,35,25,380,579,561,281,606
514, Sunrise Airways,haiti,25,26,30,35,15,50,30,35,35,30,20,4,6,5,1,10
515, Sunwing Airlines,canada,30,8327,25,25,25,25,30,30,35,35,25,1186,1863,1602,1192,2485
516, Suparna Airlines,china,45,2,40,40,20,,45,40,45,45,40,1,1,0,0,0
517, Surinam Airways,suriname,30,169,30,30,20,30,35,30,35,35,30,26,56,30,13,44
518, Swiss International Air Lines [SWISS],switzerland,40,14297,35,35,35,35,40,35,45,40,40,5521,4216,1821,1010,1730
519, Swoop,canada,25,1717,30,30,20,35,30,35,35,35,20,392,317,117,95,797
520, SyrianAir,syrian arab republic,35,6,35,30,20,50,35,35,25,35,35,1,2,2,1,0
521, T Way Airlines,korea,35,341,30,30,20,25,35,40,35,35,25,56,130,91,20,44
522, TAAG Angola Airlines,angola,30,557,35,30,25,30,30,35,35,30,30,60,168,164,73,92
523, Taban Air,iran,30,25,25,25,15,15,30,30,25,35,35,2,4,11,3,5
524, TAG,guatemala,35,38,35,35,20,20,35,35,40,40,35,10,12,6,3,7
525, Tailwind Airlines,turkey,30,178,25,25,15,20,30,30,35,35,30,27,44,33,30,44
526, Tajik Air,tajikistan,35,5,30,30,15,35,35,30,20,10,20,1,3,0,0,1
527, TAM Airlines Brazil,brazil,40,5497,35,35,35,35,40,40,40,40,35,2088,2264,817,187,141
528, TAME Vuela Ecuador,ecuador,25,527,30,30,20,25,30,25,30,30,25,55,98,104,83,187
529, TAP Air Portugal,portugal,30,21441,30,30,25,30,35,30,40,35,35,4618,5971,3205,2018,5632
530, TAR Aerolineas,mexico,30,268,35,35,25,30,35,35,40,40,35,81,55,20,6,106
531, TAROM,oman,35,1269,35,35,25,30,35,35,40,35,35,326,388,233,117,206
532, Thai Airways,thailand,40,15714,40,40,35,40,40,40,40,40,40,6149,5470,2302,865,928
533, Thai Lion Air,thailand,25,1618,25,30,20,25,30,30,35,30,25,214,376,217,131,680
534, THAI Smile Airways,thailand,45,6262,40,40,30,40,45,45,45,45,40,3501,1949,429,144,242
535, Thai Vietjet,thailand,25,55,30,30,15,30,35,35,40,35,25,8,9,11,5,22
536, Thomas Cook Airlines (UK) [no longer operating],united kingdom,35,14449,30,30,25,30,35,35,40,35,30,3750,3745,2898,1718,2338
537, Thomas Cook Airlines Belgium [no longer operating],belgium,35,169,30,35,25,35,35,35,35,35,30,26,73,34,22,14
538, Tianjin Airlines,china,35,79,35,35,25,30,35,40,40,35,30,16,30,16,4,13
539, Tiara Air Aruba,aruba,25,4,25,25,15,,20,20,20,25,15,0,0,2,2,0
540, Tibet Airlines,china,35,23,35,35,25,30,35,35,40,35,35,6,10,3,1,3
541, tigerair australia,australia,30,2862,30,30,15,25,30,35,35,35,25,488,763,375,211,1025
542, Tigerair Singapore [no longer operating],singapore,35,659,30,30,15,25,35,35,35,35,25,78,274,179,50,78
543, tigerair taiwan,taiwan,35,751,30,30,20,25,35,40,40,40,30,154,333,161,44,59
544, Tradewind Aviation,united states,45,33,45,45,30,50,45,45,50,50,50,30,1,0,0,2
545, Trans Air Congo (TAC),congo,20,4,25,25,10,10,25,25,35,15,30,0,0,1,1,2
546, Trans Guyana,guyana,30,5,30,30,10,30,40,35,35,40,10,1,2,0,1,1
547, Trans Maldivian,maldives,40,232,30,30,20,35,35,30,35,40,25,111,49,23,21,28
548, Transavia,netherlands,35,87099,30,35,20,35,35,35,40,35,30,24283,32030,14245,7302,9275
549, TransNusa,indonesia,40,10,40,40,30,45,40,40,35,35,30,2,6,1,0,1
550, Trigana Air Service,indonesia,35,51,30,30,15,30,35,35,35,35,30,5,22,16,4,4
551, Tropic Air Belize,belize,45,316,35,35,25,45,45,45,45,45,25,229,53,11,5,18
552, Tropic Ocean Airways,united states,50,3,45,45,30,,50,35,50,50,50,3,0,0,0,0
553, Trujet,india,25,153,25,30,15,35,30,30,30,30,25,23,28,16,9,77
554, Tsaradia,madagascar,30,13,35,35,20,,40,25,40,35,25,2,3,2,2,4
555, TUI Airlines Netherlands,netherlands,35,2097,35,30,30,30,35,35,35,35,30,471,709,469,222,227
556, TUI Airways (United Kingdom),united kingdom,35,18384,35,35,25,30,40,35,40,40,35,6159,5210,3219,1560,2237
557, TUI fly Belgium (formerly Jetairfly),belgium,35,4883,35,35,25,30,35,35,35,35,30,1094,1898,929,449,514
558, TUIfly (Germany),germany,30,3320,30,30,20,20,30,30,35,35,25,457,796,861,474,732
559, Tunisair,tunisia,25,2627,30,25,20,20,30,30,25,30,30,263,477,442,372,1074
560, Turkish Airlines,turkey,40,31645,35,40,40,40,40,40,40,40,40,13716,8441,3028,1660,4804
561, Turkmenistan Airlines,turkmenistan,30,216,35,35,15,30,30,35,40,35,35,52,53,39,19,53
562, Tus Air,cyprus,25,188,35,35,15,25,30,30,35,30,25,38,35,6,15,94
563, Twin Jet,france,35,34,35,35,25,35,40,35,40,40,35,11,13,2,2,6
564, Ukraine International Airlines,ukraine,25,3969,30,30,15,25,30,30,35,30,25,481,787,711,534,1456
565, Uni Air,taiwan,45,94,40,40,25,40,40,40,45,45,30,48,37,6,1,2
566, United Airlines,united states,30,51940,35,30,30,30,35,30,35,35,30,10928,14018,10631,6652,9714
567, Ural Airlines,russia,25,3440,30,30,20,25,30,30,35,35,25,584,618,546,473,1219
568, Urumqi Air,china,35,5,30,15,10,,25,25,30,35,20,1,2,1,0,1
569, US-Bangla Airlines,bangladesh,35,127,35,35,20,35,40,40,40,35,35,28,47,31,8,13
570, Utair,russia,30,1439,30,30,15,25,35,30,35,35,25,291,294,259,147,449
571, Uzbekistan Airways,uzbekistan,35,730,35,35,25,35,35,35,40,35,35,199,188,176,78,89
572, Vanilla Air [merged with Peach as of 27.10.2019],japan,35,819,25,30,15,25,35,40,40,35,25,131,298,210,65,115
573, VASCO,viet nam,30,20,30,30,20,20,30,30,35,35,25,4,3,8,2,3
574, Veca Airlines [no longer operating],el salvador,40,12,40,40,25,50,40,45,45,45,30,4,4,4,0,0
575, Via Airlines [no longer operating],united states,15,226,25,20,15,20,20,20,25,25,20,23,13,7,5,178
576, Vieques Air Link,puerto rico,40,74,35,35,30,40,40,40,40,40,25,37,15,6,3,13
577, VietJetAir,viet nam,25,4287,25,30,15,25,25,30,35,30,25,508,868,680,414,1818
578, Vietnam Airlines,viet nam,40,7762,40,35,30,35,40,40,40,40,35,2376,2919,1390,507,570
579, Vim Airlines [no longer operating],russia,30,160,35,35,15,30,35,35,35,30,25,19,53,24,26,38
580, Virgin America (now Alaska Airlines),united states,40,2204,40,40,40,40,40,40,45,40,35,1127,519,257,135,166
581, Virgin Atlantic Airways,united kingdom,40,15380,40,40,40,40,45,40,45,45,40,7906,3837,1693,885,1059
582, Virgin Australia,australia,40,11582,35,35,30,35,40,35,40,40,35,4149,3815,1766,814,1038
583, Vistara,india,40,2840,40,40,30,40,40,40,45,45,40,1614,678,192,67,290
584, Viva Aerobus,mexico,25,3808,30,30,20,25,30,30,35,30,25,572,754,574,303,1609
585, Viva Air (Colombia),colombia,20,2183,25,25,15,15,20,25,30,25,20,201,232,198,141,1412
586, Viva Air (Peru),peru,15,884,20,20,15,15,15,20,25,20,15,41,56,37,53,697
587, VLM Airlines [no longer operating],belgium,30,9,30,30,20,10,35,35,30,40,30,1,4,2,0,2
588, Volaris,mexico,25,6783,25,30,15,25,30,30,35,30,20,1105,1400,1160,650,2471
589, Volotea,spain,30,16848,35,35,25,30,35,35,35,35,30,4465,4406,1481,1163,5354
590, Vueling Airlines,spain,25,27521,25,30,15,25,30,30,35,30,25,3547,6284,4589,2816,10292
591, Wamos Air,spain,25,2369,25,25,20,25,30,30,30,30,25,506,351,367,292,854
592, Wantaniya Airways [no longer operating],kuwait,10,18,15,15,10,10,10,15,20,20,20,0,1,0,0,17
593, West Air,china,40,98,35,35,30,20,40,40,40,40,35,39,25,21,4,9
594, WestJet,canada,35,16117,35,35,30,35,40,35,40,40,35,6483,4336,1995,1048,2256
595, Wideroe,norway,35,419,35,35,20,35,40,35,40,40,30,140,154,57,16,52
596, Winair,netherlands,25,173,30,30,15,30,30,25,35,30,20,46,26,12,13,76
597, Windrose Air,ukraine,40,227,35,35,25,30,40,40,40,40,35,104,65,27,9,22
598, Wingo,colombia,25,660,30,30,15,25,25,30,35,30,25,109,115,60,45,331
599, Wings Air,indonesia,25,309,25,30,15,20,25,30,30,30,20,26,59,86,35,103
600, Wizz Air,hungary,25,18917,25,30,15,25,30,30,35,30,25,2947,4002,2666,1575,7736
601, WOW air [no longer operating],iceland,30,9081,30,30,15,30,30,35,40,30,20,1912,2114,1245,1024,2786
602, Xiamen Airlines,china,35,652,35,35,30,35,35,40,40,35,35,179,208,121,46,98
603, XL Airways [no longer operating],france,25,1974,20,25,20,25,30,30,35,30,25,137,379,410,389,659
604, Xpressair,indonesia,25,3,40,35,25,40,35,30,30,40,20,0,0,2,0,1
605, Yakutia Air,russia,30,205,35,35,20,30,35,30,35,35,35,57,36,31,21,60
606, Yamal Airlines,russia,35,105,30,35,20,35,35,35,40,35,35,29,26,19,6,25
607, Yanair,ukraine,25,164,30,30,15,25,30,30,35,25,25,24,24,19,11,86
608, Yemenia,yemen,30,4,35,35,25,,25,25,30,25,35,1,0,1,2,0
609, Yeti Airlines,nepal,35,229,35,35,20,40,40,35,35,35,30,80,62,44,15,26
610,Zagros Airlines,iran,35,32,30,35,15,30,35,40,35,35,30,5,11,9,6,1
611,9 Air,china,25,12,25,30,15,15,25,30,35,25,20,0,1,4,4,3
